verse_id,model_id,claim_summary,confidence_author,source_citation
1ne-18-23,baja,Landing in Baja / Mediterranean NW Mexico–SW CA band,medium,Rosenvall Baja materials
1ne-18-23,mesoamerica,Pacific coast of Mesoamerica,medium,Sorenson-style tradition
1ne-18-23,heartland,Gulf/Atlantic approach to North American interior,medium,Heartland literature
1ne-18-23,south-america,Chilean coast ~30–33S,low,Historical Chile-landing tradition
1ne-18-24,baja,Strong climate support for SW North America Mediterranean/arid zones,high,Baja seed-climate arguments + modern agronomy
1ne-18-24,south-america,Chilean Mediterranean zone seed match,medium,Chile climate arguments
1ne-18-24,mesoamerica,Seeds viable with microclimates/management,medium,Mesoamerican responses
1ne-18-24,heartland,Near Eastern grains viable in temperate US,medium,Heartland agricultural arguments
1ne-17-5,internal,OW Bountiful coastal fertile shipbuilding stage,high,1 Ne 17 internal reading
