id,ref,book,chapter,verse,fact,features,relation,strength,pass_a_ids
gp-1ne-18-23,"1 Nephi 18:23",1 Nephi,18,23,"Arrived at promised land; went forth upon the land",landing,location,hard,
gp-1ne-18-24,"1 Nephi 18:24",1 Nephi,18,24,"Tilled earth; seeds grew exceedingly",landing,other,soft,
gp-1ne-18-25,"1 Nephi 18:25",1 Nephi,18,25,"Beasts in forests; ore of all kinds in the land",landing,other,soft,
gp-2ne-5-7,"2 Nephi 5:7",2 Nephi,5,7,"Journeyed many days in the wilderness",landing|nephi|wilderness,travel,soft,
gp-2ne-5-8,"2 Nephi 5:8",2 Nephi,5,8,"Called the name of the place Nephi",nephi,location,hard,
gp-omni-12,"Omni 1:12",Omni,1,12,"Mosiah warned to flee out of land of Nephi",nephi,political,hard,
gp-omni-13a,"Omni 1:13",Omni,1,13,"Departed into the wilderness",nephi|wilderness,travel,hard,mc-map-16-wilderness-strip
gp-omni-13b,"Omni 1:13",Omni,1,13,"Came down into the land of Zarahemla",zarahemla|wilderness,elevation,hard,mc-map-09-zarahemla-grijalva|mc-map-07-nephi-highlands
gp-omni-14,"Omni 1:14",Omni,1,14,"Discovered a people called the people of Zarahemla",zarahemla,location,hard,
gp-omni-16,"Omni 1:16",Omni,1,16,"People of Zarahemla came out from Jerusalem at captivity; brought no records",zarahemla,other,soft,
gp-omni-20,"Omni 1:20",Omni,1,20,"Large stone with engravings; Coriantumr lived with people of Zarahemla",zarahemla|desolation,other,soft,mc-map-18-desolation-north-neck
gp-omni-27,"Omni 1:27",Omni,1,27,"A number went up into the wilderness to return to land of Nephi",zarahemla|wilderness|nephi,elevation,hard,
gp-omni-28,"Omni 1:28",Omni,1,28,"Contentions; majority slain; remnant returned to Zarahemla",nephi|zarahemla,travel,soft,
gp-mos-7-4,"Mosiah 7:4",Mosiah,7,4,"Wandered forty days in wilderness seeking land of Nephi",zarahemla|nephi|wilderness,distance,hard,mc-map-16-wilderness-strip
gp-mos-7-5,"Mosiah 7:5",Mosiah,7,5,"Pitched tents on hill north of land of Shilom",shilom|nephi,adjacency,hard,
gp-mos-8-7,"Mosiah 8:7",Mosiah,8,7,"Limhi sent 43 into wilderness to find Zarahemla",nephi|zarahemla|wilderness,travel,hard,
gp-mos-8-8,"Mosiah 8:8",Mosiah,8,8,"Lost in wilderness; found land of many waters; bones; ruins",desolation|wilderness,location,hard,mc-map-18-desolation-north-neck
gp-mos-8-9,"Mosiah 8:9",Mosiah,8,9,"Brought 24 gold plates",desolation,other,soft,
gp-mos-21-25,"Mosiah 21:25",Mosiah,21,25,"Parallel lost expedition narrative",desolation|nephi,travel,hard,
gp-mos-22-11,"Mosiah 22:11",Mosiah,22,11,"Limhi people took wilderness course around land of Shilom/Shemlon by night",nephi|shilom|shemlon|wilderness,travel,hard,
gp-mos-22-13,"Mosiah 22:13",Mosiah,22,13,"Joined people of Zarahemla",zarahemla,location,hard,
gp-mos-23-3,"Mosiah 23:3",Mosiah,23,3,"Fled eight days into wilderness",nephi|helam|wilderness,distance,hard,
gp-mos-23-4,"Mosiah 23:4",Mosiah,23,4,"Land of pure water; called Helam",helam,location,hard,
gp-mos-24-20,"Mosiah 24:20",Mosiah,24,20,"Pitched tents in valley of Alma after flight",helam|wilderness,travel,soft,
gp-mos-24-25,"Mosiah 24:25",Mosiah,24,25,"Arrived in Zarahemla after twelve days in wilderness",helam|zarahemla|wilderness,distance,hard,
gp-alma-2-15,"Alma 2:15",Alma,2,15,"Battle on hill Amnihu east of river Sidon",sidon|zarahemla,hydrology,hard,mc-map-12-alma2-microtopo|mc-map-11-sidon-grijalva
gp-alma-2-17,"Alma 2:17",Alma,2,17,"Contended with Amlicites on hill east of Sidon",sidon,direction,hard,
gp-alma-2-20,"Alma 2:20",Alma,2,20,"Pitched in valley of Gideon",gideon,location,hard,mc-map-13-gideon-east
gp-alma-2-34,"Alma 2:34",Alma,2,34,"Cleared the waters of Sidon; fled to wilderness of Hermounts",sidon,hydrology,hard,
gp-alma-2-35,"Alma 2:35",Alma,2,35,"Bodies cast into waters of Sidon; carried to the sea",sidon|sea-west,hydrology,soft,
gp-alma-6-7,"Alma 6:7",Alma,6,7,"Valley of Gideon east of river Sidon",gideon|sidon|zarahemla,direction,hard,mc-map-13-gideon-east
gp-alma-8-3,"Alma 8:3",Alma,8,3,"Alma to Melek west of river Sidon",melek|sidon,direction,hard,mc-map-14-melek-west
gp-alma-8-6,"Alma 8:6",Alma,8,6,"Three days journey on north of Melek to Ammonihah",melek|ammonihah,distance,hard,
gp-alma-16-6,"Alma 16:6",Alma,16,6,"Lamanites beyond borders of Manti in south wilderness by head of Sidon",manti|sidon|wilderness,hydrology,hard,mc-map-15-manti-head-sidon
gp-alma-16-7,"Alma 16:7",Alma,16,7,"Zoram crossed Sidon with armies; marched beyond borders of Manti",sidon|manti,travel,hard,
gp-alma-22-27a,"Alma 22:27",Alma,22,27,"King’s land divided from east to west sea",sea-east|sea-west|nephi,coast,hard,mc-map-03-sea-west|mc-map-04-sea-east
gp-alma-22-27b,"Alma 22:27",Alma,22,27,"Narrow strip of wilderness from east to west sea",wilderness|sea-east|sea-west,boundary,hard,mc-map-16-wilderness-strip
gp-alma-22-27c,"Alma 22:27",Alma,22,27,"Wilderness borders ran by head of river Sidon",sidon|wilderness|manti,hydrology,hard,
gp-alma-22-28,"Alma 22:28",Alma,22,28,"Lamanites more numerous in wilderness west/east by seashore; also in south",wilderness|sea-west|sea-east,coast,soft,
gp-alma-22-29,"Alma 22:29",Alma,22,29,"Nephites possessed land northward of narrow strip; even to land northward",bountiful-nw|zarahemla,direction,hard,
gp-alma-22-30,"Alma 22:30",Alma,22,30,"Land of Desolation so far northward; bones; discovered by people of Zarahemla",desolation,location,hard,mc-map-18-desolation-north-neck
gp-alma-22-31,"Alma 22:31",Alma,22,31,"Land on south was called Bountiful; land on north Desolation",bountiful-nw|desolation,direction,hard,mc-map-17-bountiful-south-neck
gp-alma-22-32a,"Alma 22:32",Alma,22,32,"It was only the distance of a day and a half’s journey for a Nephite on the line Bountiful/Desolation from east to west sea",narrow-neck|bountiful-nw|desolation|sea-east|sea-west,distance,hard,mc-map-06-day-half-neck|mc-map-01-narrow-neck
gp-alma-22-32b,"Alma 22:32",Alma,22,32,"Land of Nephi and land of Zarahemla nearly surrounded by water; small neck of land between land northward and land southward",narrow-neck|nephi|zarahemla,boundary,hard,mc-map-05-nearly-surrounded
gp-alma-22-33,"Alma 22:33",Alma,22,33,"Nephites had inhabited Bountiful from east to west sea; hemmed in Lamanites on south",bountiful-nw|sea-east|sea-west,boundary,hard,
gp-alma-22-34,"Alma 22:34",Alma,22,34,"Had fortified to keep Lamanites from overrunning northward",bountiful-nw|narrow-neck,boundary,hard,mc-map-02-narrow-pass
gp-alma-27-22,"Alma 27:22",Alma,27,22,"Land of Jershon east by the sea; south of land of Bountiful",jershon|sea-east|bountiful-nw,coast,hard,mc-map-19-jershon-east-sea
gp-alma-27-24,"Alma 27:24",Alma,27,24,"Armies between Jershon and land of Nephi",jershon|nephi,boundary,soft,
gp-alma-43-22,"Alma 43:22",Alma,43,22,"Lamanites toward land of Manti in south wilderness",manti|wilderness,direction,hard,
gp-alma-43-27,"Alma 43:27",Alma,43,27,"Moroni concealed army in valley by bank of river Sidon west",sidon|manti,hydrology,hard,
gp-alma-43-32,"Alma 43:32",Alma,43,32,"Part of army in valley on west/east of river Sidon",sidon,hydrology,hard,
gp-alma-50-8,"Alma 50:8",Alma,50,8,"Land of Nephi ran in straight course from east sea to west",nephi|sea-east|sea-west,boundary,soft,
gp-alma-50-11,"Alma 50:11",Alma,50,11,"Fortifications from east sea to west sea",sea-east|sea-west|bountiful-nw,boundary,hard,
gp-alma-50-13,"Alma 50:13",Alma,50,13,"Began city of Moroni by east sea south",sea-east,coast,hard,mc-map-20-east-sea-cities
gp-alma-50-14,"Alma 50:14",Alma,50,14,"City of Nephihah between Moroni and Aaron",sea-east,adjacency,soft,
gp-alma-50-15,"Alma 50:15",Alma,50,15,"Cities of Lehi and Morianton on borders by seashore",lehi-city|morianton|sea-east,coast,hard,mc-map-20-east-sea-cities
gp-alma-50-29,"Alma 50:29",Alma,50,29,"Morianton people flee to land northward",morianton|desolation|narrow-neck,travel,hard,mc-map-02-narrow-pass
gp-alma-50-34,"Alma 50:34",Alma,50,34,"Teancum heads them by the narrow pass which led by the sea into land northward",narrow-neck|sea-east,boundary,hard,mc-map-02-narrow-pass
gp-alma-51-26,"Alma 51:26",Alma,51,26,"Amalickiah took many cities on east borders by seashore including Mulek",mulek|sea-east,coast,hard,
gp-alma-52-9,"Alma 52:9",Alma,52,9,"Fortify land Bountiful; keep the narrow pass which led into land northward",bountiful-nw|narrow-neck,boundary,hard,
gp-alma-63-5,"Alma 63:5",Alma,63,5,"Hagoth built ship on borders of land Bountiful by land Desolation; launched into west sea by the narrow neck",sea-west|narrow-neck|bountiful-nw|desolation,coast,hard,mc-map-21-hagoth-west-port
gp-hel-3-3,"Helaman 3:3",Helaman,3,3,"Many departed out of Zarahemla into land northward",zarahemla|desolation,travel,hard,
gp-hel-3-8,"Helaman 3:8",Helaman,3,8,"Spread from sea south to sea north, sea west to sea east",sea-west|sea-east,coast,soft,
gp-hel-4-7,"Helaman 4:7",Helaman,4,7,"Fortification line from west sea to east; Bountiful retained",sea-west|sea-east|bountiful-nw,boundary,hard,
gp-morm-2-3,"Mormon 2:3",Mormon,2,3,"Lamanites came down against Nephites; retreat",zarahemla,elevation,soft,
gp-morm-2-6,"Mormon 2:6",Mormon,2,6,"Took flight to land of Joshua by west sea borders",joshua|sea-west,coast,hard,
gp-morm-2-16,"Mormon 2:16",Mormon,2,16,"Battle by Angola / borders of Desolation",desolation,location,hard,
gp-morm-2-29,"Mormon 2:29",Mormon,2,29,"Treaty: Nephites land northward; Lamanites land southward",narrow-neck|desolation,boundary,hard,mc-map-01-narrow-neck
gp-morm-3-5,"Mormon 3:5",Mormon,3,5,"Gather to land of Desolation to a city by the narrow pass which led into land southward",desolation|narrow-neck,boundary,hard,mc-map-02-narrow-pass
gp-morm-6-2,"Mormon 6:2",Mormon,6,2,"Wrote to Lamanite king to gather at land of Cumorah",cumorah,location,hard,mc-map-22-cumorah-vigia
gp-morm-6-4,"Mormon 6:4",Mormon,6,4,"Land of Cumorah; many waters, rivers, fountains",cumorah,hydrology,hard,
gp-morm-6-6,"Mormon 6:6",Mormon,6,6,"Hid records in hill Cumorah except plates given to Moroni",cumorah,location,hard,
gp-ether-9-3,"Ether 9:3",Ether,9,3,"Omer fled to Ablom by seashore east; hill east of Shim / Cumorah region",cumorah|sea-east,coast,soft,
gp-ether-10-20,"Ether 10:20",Ether,10,20,"Built great city by narrow neck; sea east and west; animals in land southward",narrow-neck|sea-east|sea-west,boundary,hard,mc-map-24-jaredite-great-city-neck
gp-ether-15-11,"Ether 15:11",Ether,15,11,"Hill Ramah same as hill Cumorah of Nephites",cumorah,location,hard,mc-map-22-cumorah-vigia
gp-1ne-2-2,"1 Nephi 2:2",1 Nephi,2,2,"Depart into wilderness with family",landing,travel,soft,
gp-1ne-2-4,"1 Nephi 2:4",1 Nephi,2,4,"Departed into the wilderness",landing,travel,soft,
gp-1ne-2-5,"1 Nephi 2:5",1 Nephi,2,5,"Came down by the borders near the shore of the Red Sea",landing,coast,hard,
gp-1ne-2-6,"1 Nephi 2:6",1 Nephi,2,6,"Traveled three days in wilderness; pitched tent by river Laman",landing,distance,hard,
gp-1ne-2-8,"1 Nephi 2:8",1 Nephi,2,8,"River emptied into the Red Sea",landing,hydrology,hard,
gp-1ne-16-13,"1 Nephi 16:13",1 Nephi,16,13,"Traveled four days nearly a south-southeast direction",landing,direction,hard,
gp-1ne-16-14,"1 Nephi 16:14",1 Nephi,16,14,"Traveled for the space of many days",landing,distance,soft,
gp-1ne-16-33,"1 Nephi 16:33",1 Nephi,16,33,"Traveled many days; pitched again",landing,travel,soft,
gp-1ne-17-1,"1 Nephi 17:1",1 Nephi,17,1,"Traveled nearly eastward from that time forth",landing,direction,hard,
gp-1ne-17-4,"1 Nephi 17:4",1 Nephi,17,4,"Sojourned eight years in the wilderness",landing,distance,hard,
gp-1ne-17-5,"1 Nephi 17:5",1 Nephi,17,5,"Came to land Bountiful by seashore; much fruit and wild honey",landing,coast,hard,
gp-1ne-17-6,"1 Nephi 17:6",1 Nephi,17,6,"Pitched by the seashore",landing,coast,hard,
gp-1ne-18-6,"1 Nephi 18:6",1 Nephi,18,6,"Went down into the ship",landing,elevation,soft,
gp-1ne-18-8,"1 Nephi 18:8",1 Nephi,18,8,"Driven forth before the wind toward the promised land",landing,travel,soft,
gp-1ne-18-22,"1 Nephi 18:22",1 Nephi,18,22,"Sailed again toward the promised land",landing,travel,soft,
gp-2ne-5-11,"2 Nephi 5:11",2 Nephi,5,11,"Began to prosper in the land; sow and raise flocks",nephi,location,soft,
gp-2ne-5-15,"2 Nephi 5:15",2 Nephi,5,15,"Worked in all manner of wood/iron/copper/brass/steel/gold/silver/precious ores abundant",nephi,other,soft,
gp-2ne-5-16,"2 Nephi 5:16",2 Nephi,5,16,"Built a temple after manner of Solomon",nephi,location,soft,
gp-2ne-5-34,"2 Nephi 5:34",2 Nephi,5,34,"Wars and contentions with Lamanites (spatial separation implied)",nephi,boundary,soft,
gp-jacob-1-13,"Jacob 1:13",Jacob,1,13,"Lamanites / Nephites named after political groups across lands",nephi,political,soft,
gp-jacob-2-12,"Jacob 2:12",Jacob,2,12,"Obtained many riches of gold/silver/ores in the land",nephi,other,soft,
gp-jacob-7-25,"Jacob 7:25",Jacob,7,25,"Lamanites enemies; fortified against them",nephi,boundary,soft,
gp-enos-1-20,"Enos 1:20",Enos,1,20,"Lamanites wild; dwelt in tents; wandered in wilderness",wilderness|nephi,location,soft,
gp-jarom-1-6,"Jarom 1:6",Jarom,1,6,"Scattered on much of the face of the land; gold/silver/ore; buildings",nephi,location,soft,
gp-jarom-1-7,"Jarom 1:7",Jarom,1,7,"Fortified cities",nephi,location,soft,
gp-omni-1-3,"Omni 1:3",Omni,1,3,"Seasons of peace and war in the land",nephi,other,soft,
gp-omni-1-10,"Omni 1:10",Omni,1,10,"Much war between Nephites and Lamanites in days of Abinadom",nephi,other,soft,
gp-omni-1-24,"Omni 1:24",Omni,1,24,"Lamanites came in large numbers; driven out of the land after battles",zarahemla,other,soft,
gp-wom-1-13,"Words of Mormon 1:13",Words of Mormon,1,13,"Benjamin fought Lamanites; drove them out of the land of Zarahemla",zarahemla,location,hard,
gp-wom-1-14,"Words of Mormon 1:14",Words of Mormon,1,14,"False Christs/prophets in the land",zarahemla,other,soft,
gp-mos-1-1,"Mosiah 1:1",Mosiah,1,1,"Peace in land of Zarahemla under Benjamin",zarahemla,location,soft,
gp-mos-1-10,"Mosiah 1:10",Mosiah,1,10,"People gathered throughout the land",zarahemla,location,soft,
gp-mos-1-18,"Mosiah 1:18",Mosiah,1,18,"Gathered to temple in land of Zarahemla",zarahemla,location,hard,
gp-mos-2-1,"Mosiah 2:1",Mosiah,2,1,"Multitude pitched tents round about temple",zarahemla,location,soft,
gp-mos-7-1,"Mosiah 7:1",Mosiah,7,1,"Ammon and party leave Zarahemla to go up to land of Lehi-Nephi / Shilom",zarahemla|nephi|shilom,elevation,hard,
gp-mos-7-6,"Mosiah 7:6",Mosiah,7,6,"Went down into land of Nephi (from hill)",nephi|shilom,elevation,hard,
gp-mos-7-7,"Mosiah 7:7",Mosiah,7,7,"Taken and bound; carried before king in land of Nephi",nephi,location,hard,
gp-mos-7-16,"Mosiah 7:16",Mosiah,7,16,"King Limhi among people in land of Nephi",nephi,location,hard,
gp-mos-7-21,"Mosiah 7:21",Mosiah,7,21,"Zeniff obtained possession of land of Lehi-Nephi and Shilom by treaty",nephi|shilom,political,hard,
gp-mos-9-1,"Mosiah 9:1",Mosiah,9,1,"Zeniff spied on Lamanite forces in land of Nephi",nephi,location,soft,
gp-mos-9-3,"Mosiah 9:3",Mosiah,9,3,"Overzealous to inherit land of fathers; group went up",zarahemla|nephi,elevation,hard,
gp-mos-9-4,"Mosiah 9:4",Mosiah,9,4,"Smitten with famine in wilderness for many days",wilderness,travel,soft,
gp-mos-9-6,"Mosiah 9:6",Mosiah,9,6,"King of Lamanites covenanted land of Lehi-Nephi and Shilom",nephi|shilom,political,hard,
gp-mos-9-8,"Mosiah 9:8",Mosiah,9,8,"Began to build buildings; repair walls of city of Lehi-Nephi and Shilom",nephi|shilom,location,hard,
gp-mos-9-14,"Mosiah 9:14",Mosiah,9,14,"Lamanites attacked in south of land of Shilom",shilom,direction,hard,
gp-mos-10-8,"Mosiah 10:8",Mosiah,10,8,"Lamanites came upon north of land of Shilom",shilom,direction,hard,
gp-mos-10-10,"Mosiah 10:10",Mosiah,10,10,"Went up with armies against Lamanites",nephi,elevation,soft,
gp-mos-11-12,"Mosiah 11:12",Mosiah,11,12,"Noah built tower near temple; tower on hill north of Shilom overlooking land of Shemlon/Shilom/Nephi",nephi|shilom|shemlon,adjacency,hard,
gp-mos-11-13,"Mosiah 11:13",Mosiah,11,13,"Built tower on the hill north of land of Shilom",shilom,direction,hard,
gp-mos-18-4,"Mosiah 18:4",Mosiah,18,4,"Alma taught at Mormon; place of Mormon near waters; thicket of small trees",nephi|wilderness,location,hard,
gp-mos-18-5,"Mosiah 18:5",Mosiah,18,5,"Fountain of pure water in Mormon; near borders of land",nephi,hydrology,hard,
gp-mos-18-30,"Mosiah 18:30",Mosiah,18,30,"Waters of Mormon; forest of Mormon",nephi|wilderness,location,hard,
gp-mos-18-31,"Mosiah 18:31",Mosiah,18,31,"Departed into wilderness after being discovered",wilderness|helam,travel,hard,
gp-mos-18-34,"Mosiah 18:34",Mosiah,18,34,"Took tents and departed into wilderness",wilderness,travel,hard,
gp-mos-19-6,"Mosiah 19:6",Mosiah,19,6,"Noah saw Lamanite armies from tower in land of Nephi",nephi,location,soft,
gp-mos-20-1,"Mosiah 20:1",Mosiah,20,1,"Daughters of Lamanites gathered in place of Shemlon",shemlon,location,hard,
gp-mos-21-1,"Mosiah 21:1",Mosiah,21,1,"Limhi's people in land of Nephi under Lamanite bondage",nephi,political,hard,
gp-mos-22-6,"Mosiah 22:6",Mosiah,22,6,"Back pass through back wall on back side of city",nephi,location,soft,
gp-mos-22-8,"Mosiah 22:8",Mosiah,22,8,"Proposed escape around land of Shilom by night into wilderness",shilom|wilderness,travel,hard,
gp-mos-23-1,"Mosiah 23:1",Mosiah,23,1,"Alma warned to flee; Lamanite army in borders",helam|wilderness,travel,hard,
gp-mos-23-19,"Mosiah 23:19",Mosiah,23,19,"Prospered exceedingly in land of Helam",helam,location,soft,
gp-mos-23-25,"Mosiah 23:25",Mosiah,23,25,"Lamanite army found Helam; forests around",helam|wilderness,adjacency,hard,
gp-mos-23-30,"Mosiah 23:30",Mosiah,23,30,"Lamanite army had been lost in wilderness while pursuing Limhi",wilderness|nephi,travel,hard,
gp-mos-23-31,"Mosiah 23:31",Mosiah,23,31,"Had found Amulon's people in wilderness",wilderness,location,soft,
gp-mos-23-35,"Mosiah 23:35",Mosiah,23,35,"Joined Lamanites; searching for land of Nephi",nephi|wilderness,travel,soft,
gp-mos-24-18,"Mosiah 24:18",Mosiah,24,18,"Gathered flocks and departed into wilderness by night from Helam",helam|wilderness,travel,hard,
gp-mos-24-24,"Mosiah 24:24",Mosiah,24,24,"After twelve days in wilderness arrived in Zarahemla",zarahemla|wilderness,distance,hard,
gp-mos-25-2,"Mosiah 25:2",Mosiah,25,2,"People of Zarahemla more numerous than Nephites; Lamanites more than both",zarahemla,political,soft,
gp-mos-27-16,"Mosiah 27:16",Mosiah,27,16,"Remember the captivity of thy fathers in land of Helam and Nephi",helam|nephi,location,soft,
gp-mos-28-1,"Mosiah 28:1",Mosiah,28,1,"Sons of Mosiah desire to go up to land of Nephi to preach",zarahemla|nephi,elevation,hard,
gp-mos-29-44,"Mosiah 29:44",Mosiah,29,44,"Reign of judges commenced throughout land of Zarahemla",zarahemla,political,hard,
gp-alma-1-15,"Alma 1:15",Alma,1,15,"Nehor taken to top of hill Manti; executed",manti,location,hard,
gp-alma-2-9,"Alma 2:9",Alma,2,9,"Amlicites gathered in land of Amnihu east of Sidon",sidon|zarahemla,direction,hard,mc-map-12-alma2-microtopo
gp-alma-2-24,"Alma 2:24",Alma,2,24,"Amlicites joined Lamanites in land of Minon above Zarahemla toward head of Sidon",minon|zarahemla|sidon,direction,hard,
gp-alma-2-25,"Alma 2:25",Alma,2,25,"People fled toward Zarahemla from Minon",minon|zarahemla,travel,hard,
gp-alma-2-27,"Alma 2:27",Alma,2,27,"Met enemy at crossing of Sidon from west to east",sidon,hydrology,hard,
gp-alma-2-36,"Alma 2:36",Alma,2,36,"Fled toward wilderness west and north; Hermounts",wilderness|zarahemla,direction,hard,
gp-alma-3-20,"Alma 3:20",Alma,3,20,"Another Lamanite army came into land",zarahemla,travel,soft,
gp-alma-3-23,"Alma 3:23",Alma,3,23,"Driven out of the land",zarahemla,travel,soft,
gp-alma-4-1,"Alma 4:1",Alma,4,1,"Peace established in land of Zarahemla",zarahemla,location,soft,
gp-alma-5-1,"Alma 5:1",Alma,5,1,"Alma taught in Zarahemla",zarahemla,location,hard,
gp-alma-6-1,"Alma 6:1",Alma,6,1,"Ordained priests/elders in Zarahemla",zarahemla,location,soft,
gp-alma-6-8,"Alma 6:8",Alma,6,8,"Alma went over to Gideon and taught",gideon,travel,hard,
gp-alma-7-1,"Alma 7:1",Alma,7,1,"Words of Alma in Gideon",gideon,location,hard,
gp-alma-8-1,"Alma 8:1",Alma,8,1,"Returned to Zarahemla; rested",zarahemla,travel,hard,
gp-alma-8-5,"Alma 8:5",Alma,8,5,"People in Melek baptized throughout the land",melek,location,soft,
gp-alma-8-7,"Alma 8:7",Alma,8,7,"Called Ammonihah after first who possessed it",ammonihah,location,hard,
gp-alma-8-13,"Alma 8:13",Alma,8,13,"Departed from Ammonihah; journeyed towards city of Aaron",ammonihah,travel,hard,
gp-alma-8-18,"Alma 8:18",Alma,8,18,"Returned speedily to Ammonihah by another way south of city",ammonihah,direction,hard,
gp-alma-14-23,"Alma 14:23",Alma,14,23,"Prison in Ammonihah",ammonihah,location,soft,
gp-alma-15-1,"Alma 15:1",Alma,15,1,"Alma and Amulek departed Ammonihah to Sidom",ammonihah,travel,hard,
gp-alma-15-11,"Alma 15:11",Alma,15,11,"Zeezrom healed in Sidom",zarahemla,location,soft,
gp-alma-15-18,"Alma 15:18",Alma,15,18,"Alma took Amulek to Zarahemla",zarahemla,travel,hard,
gp-alma-16-1,"Alma 16:1",Alma,16,1,"Lamanites attacked Ammonihah and destroyed it",ammonihah,location,hard,
gp-alma-16-2,"Alma 16:2",Alma,16,2,"Desolation of Nehors; bodies heaped",ammonihah,location,soft,
gp-alma-16-3,"Alma 16:3",Alma,16,3,"Captives taken into wilderness",wilderness|ammonihah,travel,hard,
gp-alma-16-4,"Alma 16:4",Alma,16,4,"People of Ammonihah destroyed; Zoram sought captives",ammonihah,location,hard,
gp-alma-16-5,"Alma 16:5",Alma,16,5,"Zoram inquired of Alma where to find captives",zarahemla,other,soft,
gp-alma-16-8,"Alma 16:8",Alma,16,8,"Met Lamanites in south wilderness east of river Sidon; captives recovered",sidon|wilderness|manti,direction,hard,
gp-alma-16-11,"Alma 16:11",Alma,16,11,"Ammonihah desolate; called Desolation of Nehors",ammonihah,location,hard,
gp-alma-16-15,"Alma 16:15",Alma,16,15,"Churches throughout land of Zarahemla and among people of Nephi",zarahemla|nephi,political,soft,
gp-alma-17-1,"Alma 17:1",Alma,17,1,"Alma journeying from Gideon southward to Manti met sons of Mosiah",gideon|manti,direction,hard,
gp-alma-17-7,"Alma 17:7",Alma,17,7,"Took journey into wilderness to go up to land of Nephi",zarahemla|nephi|wilderness,elevation,hard,
gp-alma-17-8,"Alma 17:8",Alma,17,8,"Many days in wilderness",wilderness,distance,soft,
gp-alma-17-9,"Alma 17:9",Alma,17,9,"Fasted much that Lord lead them to Lamanites",nephi,travel,soft,
gp-alma-17-13,"Alma 17:13",Alma,17,13,"Separated in borders of land of the Lamanites",nephi,boundary,hard,
gp-alma-17-19,"Alma 17:19",Alma,17,19,"Ammon went to land of Ishmael",nephi,location,hard,
gp-alma-17-26,"Alma 17:26",Alma,17,26,"Waters of Sebus; flock watering place",nephi,hydrology,hard,
gp-alma-18-9,"Alma 18:9",Alma,18,9,"Lamoni’s horses and chariots to land of Nephi (political center)",nephi,travel,soft,
gp-alma-20-1,"Alma 20:1",Alma,20,1,"Lamoni desired Ammon go with him to land of Nephi",nephi,travel,hard,
gp-alma-20-2,"Alma 20:2",Alma,20,2,"Voice: do not go to land of Nephi; go to Middoni",nephi,travel,hard,
gp-alma-20-4,"Alma 20:4",Alma,20,4,"Brothers in prison in land of Middoni",nephi,location,hard,
gp-alma-20-7,"Alma 20:7",Alma,20,7,"Journey to Middoni",nephi,travel,hard,
gp-alma-20-8,"Alma 20:8",Alma,20,8,"Met father of Lamoni at the way to Middoni",nephi,travel,soft,
gp-alma-21-1,"Alma 21:1",Alma,21,1,"Aaron took journey toward land called by Lamanites Jerusalem",nephi,location,hard,mc-map-25-jerusalem-atitlan
gp-alma-21-2,"Alma 21:2",Alma,21,2,"Jerusalem joined with borders of Mormon / land of Nephi complex",nephi,adjacency,soft,
gp-alma-21-11,"Alma 21:11",Alma,21,11,"Aaron came to Ani-Anti then Middoni",nephi,travel,hard,
gp-alma-21-12,"Alma 21:12",Alma,21,12,"Imprisoned in Middoni",nephi,location,hard,
gp-alma-21-18,"Alma 21:18",Alma,21,18,"Ammon and Lamoni returned to land of Ishmael",nephi,travel,hard,
gp-alma-22-1,"Alma 22:1",Alma,22,1,"Aaron led by Spirit to land of Nephi; king’s palace",nephi,location,hard,
gp-alma-22-3,"Alma 22:3",Alma,22,3,"King over all land except Ishmael",nephi,political,soft,
gp-alma-23-1,"Alma 23:1",Alma,23,1,"King sent proclamation throughout land of Nephi and lands",nephi,political,soft,
gp-alma-23-9,"Alma 23:9",Alma,23,9,"Converted Lamanites in land of Ishmael",nephi,location,hard,
gp-alma-23-10,"Alma 23:10",Alma,23,10,"Land of Middoni converted",nephi,location,hard,
gp-alma-23-11,"Alma 23:11",Alma,23,11,"City of Nephi converted",nephi,location,hard,
gp-alma-23-12,"Alma 23:12",Alma,23,12,"Laman / Lemuel / Shimnilon / Shilom lands",shilom|nephi,location,hard,
gp-alma-24-1,"Alma 24:1",Alma,24,1,"Amalekites stirred Lamanites in Amulon / Helam / Jerusalem regions",helam|nephi,location,hard,
gp-alma-24-5,"Alma 24:5",Alma,24,5,"Gathered in land of Midian then Ishmael",nephi,travel,hard,
gp-alma-25-2,"Alma 25:2",Alma,25,2,"Went over to borders of Ammonihah and destroyed people",ammonihah,travel,hard,
gp-alma-25-13,"Alma 25:13",Alma,25,13,"Many Lamanites joined Anti-Nephi-Lehies in lands of Ishmael etc.",nephi,location,soft,
gp-alma-26-23,"Alma 26:23",Alma,26,23,"Brethren laughed at going to land of Nephi",nephi,travel,soft,
gp-alma-27-1,"Alma 27:1",Alma,27,1,"Amalekites stirred again; Anti-Nephi-Lehies flee",nephi,travel,hard,
gp-alma-27-5,"Alma 27:5",Alma,27,5,"Proposed gather to Zarahemla for protection",zarahemla|nephi,travel,hard,
gp-alma-27-14,"Alma 27:14",Alma,27,14,"Took journey into wilderness with people",wilderness|nephi,travel,hard,
gp-alma-27-15,"Alma 27:15",Alma,27,15,"Ammon went ahead to Zarahemla",zarahemla,travel,hard,
gp-alma-27-16,"Alma 27:16",Alma,27,16,"Met Alma as before; joy in wilderness",wilderness,travel,soft,
gp-alma-27-20,"Alma 27:20",Alma,27,20,"Conducted to Zarahemla",zarahemla,travel,hard,
gp-alma-27-26,"Alma 27:26",Alma,27,26,"Called people of Ammon; in land of Jershon",jershon,location,hard,mc-map-19-jershon-east-sea
gp-alma-30-6,"Alma 30:6",Alma,30,6,"Korihor into land of Zarahemla",zarahemla,location,hard,
gp-alma-30-19,"Alma 30:19",Alma,30,19,"Korihor into land of Jershon among people of Ammon",jershon,location,hard,
gp-alma-30-21,"Alma 30:21",Alma,30,21,"Went over into land of Gideon",gideon,travel,hard,
gp-alma-30-29,"Alma 30:29",Alma,30,29,"Carried before Alma and chief judge in Zarahemla",zarahemla,travel,hard,
gp-alma-30-58,"Alma 30:58",Alma,30,58,"Korihor went from house to house until trampled in land of Zarahemla (Antionum later)",zarahemla|antionum,location,soft,
gp-alma-30-59,"Alma 30:59",Alma,30,59,"Went among Zoramites in Antionum; trampled",antionum,location,hard,
gp-alma-31-3,"Alma 31:3",Alma,31,3,"Zoramites gathered in land of Antionum east of Zarahemla; nearly bordering wilderness south / Jershon",antionum|zarahemla|jershon|wilderness,adjacency,hard,
gp-alma-31-4,"Alma 31:4",Alma,31,4,"Feared Zoramites enter into correspondence with Lamanites",antionum|nephi,political,soft,
gp-alma-32-1,"Alma 32:1",Alma,32,1,"Alma taught on hill Onidah among Zoramites",antionum,location,hard,
gp-alma-35-1,"Alma 35:1",Alma,35,1,"Alma and party departed to land of Jershon",jershon|antionum,travel,hard,
gp-alma-35-6,"Alma 35:6",Alma,35,6,"Zoramite converts cast out; came over to Jershon",jershon|antionum,travel,hard,
gp-alma-35-8,"Alma 35:8",Alma,35,8,"People of Ammon would not cast them out of Jershon",jershon,location,soft,
gp-alma-35-10,"Alma 35:10",Alma,35,10,"Zoramites angry; mixed with Lamanites; war preparations",antionum,political,soft,
gp-alma-35-13,"Alma 35:13",Alma,35,13,"People of Ammon departed out of Jershon to Melek; army took Jershon",jershon|melek,travel,hard,
gp-alma-43-3,"Alma 43:3",Alma,43,3,"Lamanites came into land with armies",zarahemla,travel,soft,
gp-alma-43-4,"Alma 43:4",Alma,43,4,"Zoramites became Lamanites; war in borders",antionum,boundary,hard,
gp-alma-43-5,"Alma 43:5",Alma,43,5,"Zerahemnah chief captain of Lamanites",nephi,political,soft,
gp-alma-43-18,"Alma 43:18",Alma,43,18,"Moroni met Lamanites in borders of Jershon",jershon,boundary,hard,
gp-alma-43-19,"Alma 43:19",Alma,43,19,"Nephites armed in land of Jershon",jershon,location,hard,
gp-alma-43-25,"Alma 43:25",Alma,43,25,"Moroni left part of army in Jershon; marched to Manti",jershon|manti,travel,hard,
gp-alma-43-26,"Alma 43:26",Alma,43,26,"Gathered people in borders of Manti",manti,boundary,hard,
gp-alma-43-31,"Alma 43:31",Alma,43,31,"Concealed army on west of river Sidon in valley",sidon|manti,hydrology,hard,
gp-alma-43-35,"Alma 43:35",Alma,43,35,"Lehi met Lamanites on east of river Sidon",sidon,direction,hard,
gp-alma-43-39,"Alma 43:39",Alma,43,39,"Lamanites fled to waters of Sidon",sidon,hydrology,hard,
gp-alma-43-40,"Alma 43:40",Alma,43,40,"Driven into waters of Sidon; crossed",sidon,hydrology,hard,
gp-alma-43-41,"Alma 43:41",Alma,43,41,"Moroni and army met them on west bank",sidon,hydrology,hard,
gp-alma-43-50,"Alma 43:50",Alma,43,50,"Lamanites fled again to waters of Sidon",sidon,hydrology,hard,
gp-alma-43-51,"Alma 43:51",Alma,43,51,"Surrounded by Nephites and waters of Sidon",sidon,hydrology,hard,
gp-alma-43-53,"Alma 43:53",Alma,43,53,"Moroni commanded men to stop shedding blood by Sidon",sidon,location,soft,
gp-alma-44-22,"Alma 44:22",Alma,44,22,"Bodies cast into waters of Sidon; carried to depths of the sea",sidon|sea-west,hydrology,soft,
gp-alma-46-31,"Alma 46:31",Alma,46,31,"Moroni took army into wilderness after Amalickiah",wilderness|zarahemla,travel,hard,
gp-alma-47-1,"Alma 47:1",Alma,47,1,"Amalickiah fled to land of Nephi among Lamanites",nephi,travel,hard,
gp-alma-47-5,"Alma 47:5",Alma,47,5,"Amalickiah went up to land of Nephi",nephi,elevation,hard,
gp-alma-47-7,"Alma 47:7",Alma,47,7,"Lamanites gathered on mount Antipas",nephi,location,hard,
gp-alma-47-9,"Alma 47:9",Alma,47,9,"Lehonti on top of mount Antipas",nephi,elevation,hard,
gp-alma-47-10,"Alma 47:10",Alma,47,10,"Amalickiah sent to Lehonti on mount",nephi,elevation,hard,
gp-alma-47-20,"Alma 47:20",Alma,47,20,"Marched down to city of Nephi",nephi,elevation,hard,
gp-alma-48-6,"Alma 48:6",Alma,48,6,"Lamanites came down with armies to Nephites",nephi|zarahemla,elevation,hard,
gp-alma-48-8,"Alma 48:8",Alma,48,8,"Moroni erected small forts / banks / walls in all land",zarahemla,location,soft,
gp-alma-49-1,"Alma 49:1",Alma,49,1,"Lamanites came into land on north of land of Zarahemla",zarahemla,direction,hard,
gp-alma-49-2,"Alma 49:2",Alma,49,2,"Came to Ammonihah but it was rebuilt / fortified",ammonihah,location,hard,
gp-alma-49-12,"Alma 49:12",Alma,49,12,"Marched over to city of Noah",ammonihah,travel,hard,
gp-alma-49-13,"Alma 49:13",Alma,49,13,"City of Noah strongly fortified",zarahemla,location,hard,
gp-alma-49-15,"Alma 49:15",Alma,49,15,"Lehi commanding at city of Noah",zarahemla,location,soft,
gp-alma-50-1,"Alma 50:1",Alma,50,1,"Moroni caused people to dig heaps of earth round about",zarahemla,location,soft,
gp-alma-50-7,"Alma 50:7",Alma,50,7,"Drove Lamanites out of east wilderness into their own lands south",wilderness|sea-east|nephi,direction,hard,
gp-alma-50-9,"Alma 50:9",Alma,50,9,"Caused people in east wilderness to go to land of Zarahemla",wilderness|zarahemla|sea-east,travel,hard,
gp-alma-50-10,"Alma 50:10",Alma,50,10,"Fortified line between Nephites and Lamanites between Zarahemla and Nephi",zarahemla|nephi,boundary,hard,
gp-alma-50-16,"Alma 50:16",Alma,50,16,"Many cities on the north by the borders by seashore",sea-east,coast,hard,
gp-alma-50-18,"Alma 50:18",Alma,50,18,"Went forth; built many cities on the north",sea-east,direction,soft,
gp-alma-50-25,"Alma 50:25",Alma,50,25,"Contention between people of Morianton and city of Lehi",morianton|lehi-city,adjacency,hard,
gp-alma-50-26,"Alma 50:26",Alma,50,26,"Land of Morianton bordered land of Lehi",morianton|lehi-city,adjacency,hard,
gp-alma-50-27,"Alma 50:27",Alma,50,27,"People of Lehi fled to camp of Moroni",lehi-city,travel,soft,
gp-alma-50-28,"Alma 50:28",Alma,50,28,"Morianton feared; fled northward",morianton|desolation,direction,hard,
gp-alma-50-31,"Alma 50:31",Alma,50,31,"Maid servant fled to Moroni; told of flight north",morianton,travel,soft,
gp-alma-50-32,"Alma 50:32",Alma,50,32,"People of Morianton would possess land northward",desolation|narrow-neck,travel,hard,
gp-alma-50-33,"Alma 50:33",Alma,50,33,"Moroni sent army to head people of Morianton",narrow-neck,travel,hard,
gp-alma-50-35,"Alma 50:35",Alma,50,35,"Teancum killed Morianton; stopped flight",narrow-neck|sea-east,boundary,hard,mc-map-02-narrow-pass
gp-alma-51-22,"Alma 51:22",Alma,51,22,"Amalickiah came into land on borders by seashore",sea-east,coast,hard,
gp-alma-51-23,"Alma 51:23",Alma,51,23,"Took city of Moroni",sea-east,location,hard,
gp-alma-51-24,"Alma 51:24",Alma,51,24,"People of Moroni fled to Nephihah",sea-east,travel,hard,
gp-alma-51-25,"Alma 51:25",Alma,51,25,"Amalickiah would not suffer Lamanites to go against Nephihah yet",sea-east,location,soft,
gp-alma-51-26b,"Alma 51:26",Alma,51,26,"Took Nephihah, Lehi, Morianton, Omner, Gid, Mulek — all east seashore cities",mulek|morianton|lehi-city|sea-east,coast,hard,mc-map-20-east-sea-cities
gp-alma-51-28,"Alma 51:28",Alma,51,28,"Marched toward Bountiful that he might take land northward",bountiful-nw|desolation,direction,hard,
gp-alma-51-30,"Alma 51:30",Alma,51,30,"Teancum met Amalickiah as he marched by seashore",sea-east|bountiful-nw,coast,hard,
gp-alma-51-32,"Alma 51:32",Alma,51,32,"Battle until dark; Teancum’s camp near Amalickiah",bountiful-nw,location,soft,
gp-alma-52-1,"Alma 52:1",Alma,52,1,"Lamanites awoke; found Amalickiah dead; retreated to Mulek",mulek,travel,hard,
gp-alma-52-2,"Alma 52:2",Alma,52,2,"Kept city of Mulek",mulek,location,hard,
gp-alma-52-11,"Alma 52:11",Alma,52,11,"Moroni in southwest with army",sea-west|zarahemla,direction,soft,
gp-alma-52-15,"Alma 52:15",Alma,52,15,"Moroni marching toward land Bountiful",bountiful-nw,travel,hard,
gp-alma-52-17,"Alma 52:17",Alma,52,17,"Teancum made preparations to attack Mulek",mulek,location,hard,
gp-alma-52-19,"Alma 52:19",Alma,52,19,"Moroni / Teancum / Lehi held council in land Bountiful",bountiful-nw,location,hard,
gp-alma-52-20,"Alma 52:20",Alma,52,20,"Marched toward Mulek with army",mulek|bountiful-nw,travel,hard,
gp-alma-52-22,"Alma 52:22",Alma,52,22,"Teancum marched down by seashore northward",sea-east,direction,hard,
gp-alma-52-23,"Alma 52:23",Alma,52,23,"Lamanites marched down with army to Teancum",mulek,travel,soft,
gp-alma-52-27,"Alma 52:27",Alma,52,27,"Teancum retreated down near seashore northward toward Bountiful",bountiful-nw|sea-east,direction,hard,
gp-alma-52-39,"Alma 52:39",Alma,52,39,"Prisoners marched down to land Bountiful",bountiful-nw,travel,hard,
gp-alma-53-3,"Alma 53:3",Alma,53,3,"Labor on ditch around land Bountiful / city Bountiful",bountiful-nw,location,hard,
gp-alma-53-4,"Alma 53:4",Alma,53,4,"Breastwork of timbers; wall from sea to sea around Bountiful",bountiful-nw|sea-east|sea-west,boundary,hard,
gp-alma-53-6,"Alma 53:6",Alma,53,6,"Moroni had taken Mulek; possession of east seashore cities beginning",mulek|sea-east,location,hard,
gp-alma-53-8,"Alma 53:8",Alma,53,8,"Amalickiahites on west sea south took cities",sea-west,coast,hard,
gp-alma-53-10,"Alma 53:10",Alma,53,10,"People of Ammon in Melek",melek,location,hard,
gp-alma-53-22,"Alma 53:22",Alma,53,22,"Helaman marched with 2000 to support people in borders of west sea south",sea-west,direction,hard,
gp-alma-56-1,"Alma 56:1",Alma,56,1,"Helaman epistle; affairs in southwest",sea-west|manti,location,soft,
gp-alma-56-9,"Alma 56:9",Alma,56,9,"Helaman marched to city of Judea",manti,travel,hard,
gp-alma-56-13,"Alma 56:13",Alma,56,13,"Lamanites held Manti, Zeezrom, Cumeni, Antiparah",manti,location,hard,
gp-alma-56-14,"Alma 56:14",Alma,56,14,"Cities of Manti / Zeezrom / Cumeni / Antiparah listed",manti,location,hard,
gp-alma-56-15,"Alma 56:15",Alma,56,15,"Judea was where Antipus’s army was",manti,location,hard,
gp-alma-56-22,"Alma 56:22",Alma,56,22,"Watched cities day and night",manti,location,soft,
gp-alma-56-25,"Alma 56:25",Alma,56,25,"Would not march against Zarahemla or down by Nephihah",zarahemla|sea-east,travel,soft,
gp-alma-56-30,"Alma 56:30",Alma,56,30,"Marched toward Antiparah as decoy",manti,travel,hard,
gp-alma-56-31,"Alma 56:31",Alma,56,31,"Brought army near city of Antiparah",manti,location,hard,
gp-alma-56-33,"Alma 56:33",Alma,56,33,"Antipus marched forth; Lamanites pursued Helaman toward Antiparah then beyond",manti,travel,hard,
gp-alma-56-36,"Alma 56:36",Alma,56,36,"Fled northward before Lamanites",manti,direction,hard,
gp-alma-56-41,"Alma 56:41",Alma,56,41,"About to overtake; near wilderness",wilderness|manti,travel,hard,
gp-alma-56-57,"Alma 56:57",Alma,56,57,"Marched with prisoners back to land of Zarahemla",zarahemla,travel,hard,
gp-alma-57-1,"Alma 57:1",Alma,57,1,"Received epistle to deliver Antiparah",manti,location,soft,
gp-alma-57-4,"Alma 57:4",Alma,57,4,"City of Antiparah vacated; possessed by Nephites",manti,location,hard,
gp-alma-57-6,"Alma 57:6",Alma,57,6,"Provisioned; went against Cumeni",manti,travel,hard,
gp-alma-57-12,"Alma 57:12",Alma,57,12,"Cumeni surrendered",manti,location,hard,
gp-alma-57-15,"Alma 57:15",Alma,57,15,"Prisoners sent to Zarahemla",zarahemla|manti,travel,hard,
gp-alma-57-16,"Alma 57:16",Alma,57,16,"Guards with prisoners returned; not to Zarahemla — rebellion",zarahemla,travel,soft,
gp-alma-57-30,"Alma 57:30",Alma,57,30,"Gid’s report: met Lamanite spies; prisoners fled",manti,travel,soft,
gp-alma-58-1,"Alma 58:1",Alma,58,1,"Fixed desire to take Manti",manti,location,hard,
gp-alma-58-3,"Alma 58:3",Alma,58,3,"Lamanites desired to bring Nephites out of strongholds into wilderness",wilderness|manti,travel,soft,
gp-alma-58-7,"Alma 58:7",Alma,58,7,"Waited many months before Manti could be taken",manti,location,soft,
gp-alma-58-13,"Alma 58:13",Alma,58,13,"Pitched tents in wilderness near Manti",manti|wilderness,adjacency,hard,
gp-alma-58-14,"Alma 58:14",Alma,58,14,"Near city of Manti",manti,adjacency,hard,
gp-alma-58-17,"Alma 58:17",Alma,58,17,"Concealed Teancum and Gid in wilderness",wilderness|manti,location,hard,
gp-alma-58-18,"Alma 58:18",Alma,58,18,"Lamanites came out with army against Helaman",manti,travel,soft,
gp-alma-58-19,"Alma 58:19",Alma,58,19,"Helaman retreated into wilderness",wilderness,travel,hard,
gp-alma-58-23,"Alma 58:23",Alma,58,23,"Took possession of city of Manti without bloodshed",manti,location,hard,
gp-alma-58-24,"Alma 58:24",Alma,58,24,"Lamanites returned; found Manti lost; fled into wilderness",manti|wilderness,travel,hard,
gp-alma-58-26,"Alma 58:26",Alma,58,26,"Took course toward Zarahemla in wilderness by night",zarahemla|wilderness,travel,hard,
gp-alma-58-30,"Alma 58:30",Alma,58,30,"Possessed of land of Manti; Lamanites fled out of all that quarter",manti,location,hard,
gp-alma-59-5,"Alma 59:5",Alma,59,5,"Nephihah attacked by Lamanites from Moroni / Lehi / Morianton",sea-east,location,hard,
gp-alma-59-6,"Alma 59:6",Alma,59,6,"Cities of Moroni/Lehi/Morianton had been retaken by Lamanites",morianton|lehi-city|sea-east,location,hard,
gp-alma-59-7,"Alma 59:7",Alma,59,7,"Lamanites marched down from Nephihah",sea-east,elevation,soft,
gp-alma-59-8,"Alma 59:8",Alma,59,8,"People fled from Nephihah to city of Moroni",sea-east,travel,hard,
gp-alma-60-1,"Alma 60:1",Alma,60,1,"Moroni epistle to Pahoran in Zarahemla about neglected armies",zarahemla,political,soft,
gp-alma-61-1,"Alma 61:1",Alma,61,1,"Pahoran replied from Gideon (not Zarahemla)",gideon,location,hard,
gp-alma-61-5,"Alma 61:5",Alma,61,5,"King-men took Zarahemla; Pahoran fled to Gideon",zarahemla|gideon,travel,hard,
gp-alma-61-7,"Alma 61:7",Alma,61,7,"People of Pahoran gathered to Gideon",gideon,location,hard,
gp-alma-61-8,"Alma 61:8",Alma,61,8,"King-men held Zarahemla; would not suffer freedom",zarahemla,political,hard,
gp-alma-61-15,"Alma 61:15",Alma,61,15,"Moroni leave part of men with Lehi and Teancum; march to Gideon",gideon|bountiful-nw,travel,hard,
gp-alma-62-3,"Alma 62:3",Alma,62,3,"Moroni marched with small number to land of Gideon",gideon,travel,hard,
gp-alma-62-4,"Alma 62:4",Alma,62,4,"Raised standard in every place; gathered strength",gideon,travel,soft,
gp-alma-62-6,"Alma 62:6",Alma,62,6,"United with Pahoran; gathered men in Gideon",gideon,location,hard,
gp-alma-62-7,"Alma 62:7",Alma,62,7,"Marched against Zarahemla; met king-men",zarahemla|gideon,travel,hard,
gp-alma-62-8,"Alma 62:8",Alma,62,8,"Took possession of Zarahemla",zarahemla,location,hard,
gp-alma-62-14,"Alma 62:14",Alma,62,14,"Marched toward Nephihah with large body",sea-east|zarahemla,travel,hard,
gp-alma-62-18,"Alma 62:18",Alma,62,18,"Came to Nephihah; pitched tents in plains near Nephihah",sea-east,adjacency,hard,
gp-alma-62-19,"Alma 62:19",Alma,62,19,"Lamanites would not come out against them on plains",sea-east,location,soft,
gp-alma-62-20,"Alma 62:20",Alma,62,20,"Moroni went forth in night on top of wall of Nephihah",sea-east,location,hard,
gp-alma-62-22,"Alma 62:22",Alma,62,22,"Men cast down into city on west side",sea-east,direction,hard,
gp-alma-62-25,"Alma 62:25",Alma,62,25,"Lamanites fled out of city by pass into wilderness",wilderness|sea-east,travel,hard,
gp-alma-62-30,"Alma 62:30",Alma,62,30,"Went forth against city of Lehi",lehi-city,travel,hard,
gp-alma-62-32,"Alma 62:32",Alma,62,32,"Lamanites fled from Lehi to Morianton",lehi-city|morianton,travel,hard,
gp-alma-62-33,"Alma 62:33",Alma,62,33,"Fled from city to city until to city of Moroni by seashore",sea-east,coast,hard,
gp-alma-62-34,"Alma 62:34",Alma,62,34,"Camped in borders of land Moroni; wilderness east and south",sea-east|wilderness,adjacency,hard,
gp-alma-62-42,"Alma 62:42",Alma,62,42,"Moroni went forth to land of Zarahemla after fortifying",zarahemla,travel,hard,
gp-alma-63-3,"Alma 63:3",Alma,63,3,"Moroni died; buried in land of his fathers",zarahemla,location,soft,
gp-alma-63-4,"Alma 63:4",Alma,63,4,"5400 men with wives/children departed Zarahemla to land northward",zarahemla|desolation,travel,hard,
gp-alma-63-6,"Alma 63:6",Alma,63,6,"Many entered ship; sailed forth with much provisions",sea-west|narrow-neck,travel,hard,mc-map-21-hagoth-west-port
gp-alma-63-7,"Alma 63:7",Alma,63,7,"Ship returned; built other ships",sea-west,travel,soft,
gp-alma-63-8,"Alma 63:8",Alma,63,8,"One ship sailed north; never heard of again",sea-west|desolation,travel,soft,
gp-alma-63-9,"Alma 63:9",Alma,63,9,"Many people went into land northward",desolation,travel,hard,
gp-alma-63-10,"Alma 63:10",Alma,63,10,"Shiblon conferred sacred things; Helaman took possession",zarahemla,other,soft,
gp-hel-1-15,"Helaman 1:15",Helaman,1,15,"Coriantumr (Lamanite) came down with large army into center of land",zarahemla,elevation,hard,
gp-hel-1-18,"Helaman 1:18",Helaman,1,18,"Marched down to capital through center; Zarahemla unprepared",zarahemla,location,hard,
gp-hel-1-19,"Helaman 1:19",Helaman,1,19,"Took city of Zarahemla",zarahemla,location,hard,
gp-hel-1-23,"Helaman 1:23",Helaman,1,23,"Marched toward city of Bountiful that he might take northward parts",bountiful-nw,direction,hard,
gp-hel-1-24,"Helaman 1:24",Helaman,1,24,"Marched through most capital parts of the land",zarahemla|bountiful-nw,travel,hard,
gp-hel-1-25,"Helaman 1:25",Helaman,1,25,"Cut off by Lehi and Teancum before reaching Bountiful",bountiful-nw,travel,hard,
gp-hel-1-27,"Helaman 1:27",Helaman,1,27,"Great slaughter; Coriantumr fell; Lamanites yielded",bountiful-nw,location,soft,
gp-hel-1-28,"Helaman 1:28",Helaman,1,28,"Moronihah took possession of Zarahemla again",zarahemla,location,hard,
gp-hel-1-29,"Helaman 1:29",Helaman,1,29,"Lamanites marched back out of the land",zarahemla,travel,soft,
gp-hel-2-11,"Helaman 2:11",Helaman,2,11,"Kishkumen fled; Gadianton band into wilderness",wilderness|zarahemla,travel,soft,
gp-hel-3-4,"Helaman 3:4",Helaman,3,4,"Went forth an exceeding great distance into land northward; large bodies of water and many rivers",desolation,distance,hard,
gp-hel-3-5,"Helaman 3:5",Helaman,3,5,"Spread into all parts not desolate without timber",desolation,location,soft,
gp-hel-3-6,"Helaman 3:6",Helaman,3,6,"Land desolate of timber because of former inhabitants",desolation,other,soft,
gp-hel-3-7,"Helaman 3:7",Helaman,3,7,"Skillful in cement; built houses of cement",desolation,other,soft,
gp-hel-3-10,"Helaman 3:10",Helaman,3,10,"Much shipping of timber from land southward to northward",desolation|zarahemla,travel,hard,
gp-hel-3-11,"Helaman 3:11",Helaman,3,11,"Built cities of wood and cement in land northward",desolation,location,hard,
gp-hel-3-12,"Helaman 3:12",Helaman,3,12,"Many of people of Ammon went to land northward",desolation|melek,travel,hard,
gp-hel-4-5,"Helaman 4:5",Helaman,4,5,"Lamanites came down with army; took Zarahemla and lands near",zarahemla,elevation,hard,
gp-hel-4-6,"Helaman 4:6",Helaman,4,6,"Nephites driven into land of Bountiful",bountiful-nw,travel,hard,
gp-hel-4-8,"Helaman 4:8",Helaman,4,8,"Lamanites obtained all possession south of land Bountiful",bountiful-nw|zarahemla,boundary,hard,
gp-hel-5-14,"Helaman 5:14",Helaman,5,14,"Nephi and Lehi went forth from land northward to Zarahemla / Bountiful preaching",desolation|zarahemla|bountiful-nw,travel,hard,
gp-hel-5-16,"Helaman 5:16",Helaman,5,16,"Went forth from one city to another until to land of Nephi / Zarahemla among Lamanites",nephi|zarahemla,travel,hard,
gp-hel-6-4,"Helaman 6:4",Helaman,6,4,"Lamanites came down to land of Zarahemla to declare",zarahemla,elevation,hard,
gp-hel-6-6,"Helaman 6:6",Helaman,6,6,"Many Lamanites went into land northward to preach",desolation,travel,hard,
gp-hel-6-9,"Helaman 6:9",Helaman,6,9,"Gold and silver in both lands northward and southward",desolation|zarahemla,other,soft,
gp-hel-6-10,"Helaman 6:10",Helaman,6,10,"Land south was called Lehi; land north was called Mulek",desolation|zarahemla,political,hard,
gp-hel-6-11,"Helaman 6:11",Helaman,6,11,"Shipping and trade in both lands",sea-west|sea-east,travel,soft,
gp-hel-7-1,"Helaman 7:1",Helaman,7,1,"Nephi returned from land northward to Zarahemla",desolation|zarahemla,travel,hard,
gp-hel-7-10,"Helaman 7:10",Helaman,7,10,"Nephi on tower in garden by highway to chief market in Zarahemla",zarahemla,location,hard,
gp-hel-11-17,"Helaman 11:17",Helaman,11,17,"Rain upon the face of the land; famine ended",zarahemla,other,soft,
gp-hel-11-20,"Helaman 11:20",Helaman,11,20,"People spread; began to cover face of whole earth from sea south to sea north",sea-east|sea-west,coast,soft,
gp-hel-11-24,"Helaman 11:24",Helaman,11,24,"Dissenters stirred Lamanites; war in land",zarahemla,other,soft,
gp-hel-11-25,"Helaman 11:25",Helaman,11,25,"Robbers in mountains and wilderness",wilderness,location,hard,
gp-hel-11-28,"Helaman 11:28",Helaman,11,28,"Armies sent into wilderness and mountains",wilderness,travel,hard,
gp-hel-11-31,"Helaman 11:31",Helaman,11,31,"Driven back into mountains and wilderness",wilderness,travel,hard,
gp-3ne-1-1,"3 Nephi 1:1",3 Nephi,1,1,"Lachoneus chief judge in land of Zarahemla",zarahemla,location,soft,
gp-3ne-1-17,"3 Nephi 1:17",3 Nephi,1,17,"Fell to earth throughout all the land",zarahemla,other,soft,
gp-3ne-2-11,"3 Nephi 2:11",3 Nephi,2,11,"Gadianton robbers many; war over all face of the land",zarahemla,other,soft,
gp-3ne-3-1,"3 Nephi 3:1",3 Nephi,3,1,"Lachoneus received epistle from Giddianhi",zarahemla,political,soft,
gp-3ne-3-13,"3 Nephi 3:13",3 Nephi,3,13,"Gather together all people in one place",zarahemla|bountiful-nw,travel,hard,
gp-3ne-3-14,"3 Nephi 3:14",3 Nephi,3,14,"Build fortifications; place guards round about",zarahemla,location,soft,
gp-3ne-3-21,"3 Nephi 3:21",3 Nephi,3,21,"Lord forbade going against robbers in their lands",wilderness,travel,soft,
gp-3ne-3-22,"3 Nephi 3:22",3 Nephi,3,22,"Took flocks/cattle and all substance; marched to the place",zarahemla,travel,hard,
gp-3ne-3-23,"3 Nephi 3:23",3 Nephi,3,23,"Land of Zarahemla and land Bountiful to the line between Bountiful and Desolation",zarahemla|bountiful-nw|desolation,boundary,hard,mc-map-17-bountiful-south-neck
gp-3ne-3-24,"3 Nephi 3:24",3 Nephi,3,24,"Fortified against robbers; land southward reserved for that purpose",zarahemla|bountiful-nw,boundary,hard,
gp-3ne-4-1,"3 Nephi 4:1",3 Nephi,4,1,"Robbers left wilderness/mountains; came against the land",wilderness|zarahemla,travel,hard,
gp-3ne-4-4,"3 Nephi 4:4",3 Nephi,4,4,"Nephites had reserved provisions; robbers could not come into land",zarahemla,location,soft,
gp-3ne-4-16,"3 Nephi 4:16",3 Nephi,4,16,"Robbers came up on all sides to lay siege",zarahemla,location,soft,
gp-3ne-4-23,"3 Nephi 4:23",3 Nephi,4,23,"Giddianhi’s army abandoned; retreated into wilderness",wilderness,travel,hard,
gp-3ne-4-24,"3 Nephi 4:24",3 Nephi,4,24,"Nephites cut off retreat; march in night",wilderness,travel,soft,
gp-3ne-6-1,"3 Nephi 6:1",3 Nephi,6,1,"People returned to own lands with flocks",zarahemla,travel,hard,
gp-3ne-6-2,"3 Nephi 6:2",3 Nephi,6,2,"Abandoned fortification lands; returned north and south",zarahemla|desolation,travel,hard,
gp-3ne-6-7,"3 Nephi 6:7",3 Nephi,6,7,"Many cities rebuilt; many highways cast up",zarahemla,location,soft,
gp-3ne-6-8,"3 Nephi 6:8",3 Nephi,6,8,"Many roads built leading from city to city and land to land",zarahemla,travel,soft,
gp-3ne-8-5,"3 Nephi 8:5",3 Nephi,8,5,"Great storm; terrible tempest in the land",zarahemla,other,soft,
gp-3ne-8-8,"3 Nephi 8:8",3 Nephi,8,8,"City of Zarahemla took fire",zarahemla,location,hard,
gp-3ne-8-9,"3 Nephi 8:9",3 Nephi,8,9,"City of Moroni sank into the depths of the sea",sea-east,coast,hard,
gp-3ne-8-10,"3 Nephi 8:10",3 Nephi,8,10,"Earth carried upon city of Moronihah; great mountain",zarahemla,location,hard,
gp-3ne-8-11,"3 Nephi 8:11",3 Nephi,8,11,"Highways broken up; many smooth places made rough",zarahemla,other,soft,
gp-3ne-8-12,"3 Nephi 8:12",3 Nephi,8,12,"Many great and notable cities destroyed / sunk / burned",zarahemla,location,hard,
gp-3ne-8-13,"3 Nephi 8:13",3 Nephi,8,13,"Some cities remained; damage great",zarahemla,location,soft,
gp-3ne-9-3,"3 Nephi 9:3",3 Nephi,9,3,"Voice: Zarahemla and inhabitants burned",zarahemla,location,hard,
gp-3ne-9-4,"3 Nephi 9:4",3 Nephi,9,4,"Moroni sunk in the depths of the sea",sea-east,coast,hard,
gp-3ne-9-5,"3 Nephi 9:5",3 Nephi,9,5,"Moronihah covered with earth",zarahemla,location,hard,
gp-3ne-9-6,"3 Nephi 9:6",3 Nephi,9,6,"Gilgal sunk; buried up in the depths of the earth",zarahemla,location,hard,
gp-3ne-9-7,"3 Nephi 9:7",3 Nephi,9,7,"Onihah / Mocum / Jerusalem waters come up in the stead",nephi,hydrology,hard,mc-map-25-jerusalem-atitlan
gp-3ne-9-8,"3 Nephi 9:8",3 Nephi,9,8,"Gadiandi / Gadiomnah / Jacob / Gimgimno sunk; hills and valleys in their stead",zarahemla,location,hard,
gp-3ne-9-9,"3 Nephi 9:9",3 Nephi,9,9,"Jacobugath burned",zarahemla,location,hard,
gp-3ne-9-10,"3 Nephi 9:10",3 Nephi,9,10,"Laman / Josh / Gad / Kishkumen burned",zarahemla,location,hard,
gp-3ne-11-1,"3 Nephi 11:1",3 Nephi,11,1,"Multitude gathered around temple in land of Bountiful",bountiful-nw,location,hard,
gp-3ne-19-1,"3 Nephi 19:1",3 Nephi,19,1,"Multitude dispersed; went to homes",bountiful-nw,location,soft,
gp-3ne-19-2,"3 Nephi 19:2",3 Nephi,19,2,"News spread throughout the land that night",bountiful-nw,location,soft,
gp-4ne-1-1,"4 Nephi 1:1",4 Nephi,1,1,"Disciples formed church in all lands round about",zarahemla|bountiful-nw,political,soft,
gp-4ne-1-7,"4 Nephi 1:7",4 Nephi,1,7,"Cities rebuilt; many were great",zarahemla,location,soft,
gp-4ne-1-8,"4 Nephi 1:8",4 Nephi,1,8,"Zarahemla rebuilt",zarahemla,location,hard,
gp-4ne-1-9,"4 Nephi 1:9",4 Nephi,1,9,"Many cities had sunk; waters came up; could not be renewed",sea-east,hydrology,soft,
gp-morm-1-2,"Mormon 1:2",Mormon,1,2,"Ammaron hid records in land Antum in hill Shim",desolation|cumorah,location,hard,
gp-morm-1-3,"Mormon 1:3",Mormon,1,3,"Instructed Mormon to take plates from hill Shim at age 24",cumorah,location,hard,
gp-morm-1-6,"Mormon 1:6",Mormon,1,6,"Carried by father into land southward even to Zarahemla",zarahemla|desolation,travel,hard,
gp-morm-1-7,"Mormon 1:7",Mormon,1,7,"Whole face of land had buildings and people as sands",zarahemla,location,soft,
gp-morm-1-10,"Mormon 1:10",Mormon,1,10,"War began in borders of Zarahemla by waters of Sidon",zarahemla|sidon,hydrology,hard,
gp-morm-2-1,"Mormon 2:1",Mormon,2,1,"Appointed leader of Nephite armies in his sixteenth year",zarahemla,political,soft,
gp-morm-2-4,"Mormon 2:4",Mormon,2,4,"City of Angola fortified; but driven",desolation,location,hard,
gp-morm-2-5,"Mormon 2:5",Mormon,2,5,"Driven out of Angola to land of David",desolation,travel,hard,
gp-morm-2-6b,"Mormon 2:6",Mormon,2,6,"Marched to land of Joshua by west sea borders west and north",joshua|sea-west,coast,hard,
gp-morm-2-10,"Mormon 2:10",Mormon,2,10,"One complete revolution throughout all face of the land",zarahemla,other,soft,
gp-morm-2-17,"Mormon 2:17",Mormon,2,17,"Made record on plates of Nephi in land of Jashon near land where Ammaron deposited records",desolation|cumorah,adjacency,hard,
gp-morm-2-20,"Mormon 2:20",Mormon,2,20,"Driven northward to land of Shem; fortified",desolation,direction,hard,
gp-morm-2-21,"Mormon 2:21",Mormon,2,21,"Gathered people into one body in land of Shem",desolation,location,hard,
gp-morm-2-25,"Mormon 2:25",Mormon,2,25,"Beat Lamanites; pursued",desolation,travel,soft,
gp-morm-3-1,"Mormon 3:1",Mormon,3,1,"Nephites prepared in city of Desolation",desolation,location,hard,
gp-morm-3-7,"Mormon 3:7",Mormon,3,7,"Lamanites came down to city of Desolation to battle",desolation,elevation,hard,
gp-morm-3-8,"Mormon 3:8",Mormon,3,8,"Beaten and driven back",desolation,travel,soft,
gp-morm-4-1,"Mormon 4:1",Mormon,4,1,"Lamanites came down to city of Desolation again",desolation,elevation,hard,
gp-morm-4-2,"Mormon 4:2",Mormon,4,2,"Took city of Desolation; Nephites fled to Teancum by seashore",desolation|sea-east,coast,hard,
gp-morm-4-3,"Mormon 4:3",Mormon,4,3,"City Teancum in borders by seashore near city Desolation",desolation|sea-east,adjacency,hard,
gp-morm-4-6,"Mormon 4:6",Mormon,4,6,"Lamanites took possession of city Teancum",desolation|sea-east,location,hard,
gp-morm-4-8,"Mormon 4:8",Mormon,4,8,"Nephites retook Teancum and Desolation",desolation,location,hard,
gp-morm-4-13,"Mormon 4:13",Mormon,4,13,"Lamanites took Desolation again",desolation,location,hard,
gp-morm-4-14,"Mormon 4:14",Mormon,4,14,"Women and children sacrificed to idols in Desolation",desolation,location,soft,
gp-morm-4-19,"Mormon 4:19",Mormon,4,19,"Great and tremendous battle at city of Desolation",desolation,location,hard,
gp-morm-4-20,"Mormon 4:20",Mormon,4,20,"Nephites fled to city of Boaz",desolation,travel,hard,
gp-morm-4-23,"Mormon 4:23",Mormon,4,23,"Mormon went to hill Shim; took all records Ammaron hid",cumorah|desolation,location,hard,
gp-morm-5-3,"Mormon 5:3",Mormon,5,3,"Nephites fled to city of Jordan",desolation,travel,hard,
gp-morm-5-4,"Mormon 5:4",Mormon,5,4,"Cities maintained that were not fallen",desolation,location,soft,
gp-morm-5-6,"Mormon 5:6",Mormon,5,6,"Lamanites came again; Nephites fled",desolation,travel,soft,
gp-morm-5-7,"Mormon 5:7",Mormon,5,7,"Driven and slaughtered; those who could fled to cities",desolation,travel,soft,
gp-morm-6-1,"Mormon 6:1",Mormon,6,1,"Finished record of destruction of his people",cumorah,other,soft,
gp-morm-6-5,"Mormon 6:5",Mormon,6,5,"Gathered all remaining people to Cumorah by 384",cumorah,location,hard,mc-map-22-cumorah-vigia
gp-morm-6-11,"Mormon 6:11",Mormon,6,11,"Fell wounded; passed by Lamanites; beheld 10,000 cut down",cumorah,location,soft,
gp-morm-6-15,"Mormon 6:15",Mormon,6,15,"Twenty-four survived with Mormon; few escaped south",cumorah,direction,soft,
gp-ether-1-1,"Ether 1:1",Ether,1,1,"Record of Jaredites who were destroyed upon north countries",desolation,location,hard,
gp-ether-2-13,"Ether 2:13",Ether,2,13,"Jaredites landed; called place Moriancumer by seashore",landing|sea-west,coast,soft,
gp-ether-6-12,"Ether 6:12",Ether,6,12,"Landed upon the shore of the promised land",landing,coast,hard,
gp-ether-7-4,"Ether 7:4",Ether,7,4,"Corihor dwelt in land of Nehor",desolation,location,soft,
gp-ether-7-5,"Ether 7:5",Ether,7,5,"Came to land of Moron where king dwelt; near land Desolation of Nephites",desolation,adjacency,hard,
gp-ether-7-6,"Ether 7:6",Ether,7,6,"Land of Moron near the land called Desolation by Nephites",desolation,adjacency,hard,
gp-ether-7-16,"Ether 7:16",Ether,7,16,"Gave battle in borders of land of Moron",desolation,boundary,hard,
gp-ether-9-3b,"Ether 9:3",Ether,9,3,"Omer departed with family; traveled many days; came to Ablom by seashore",sea-east|cumorah,coast,hard,
gp-ether-9-9,"Ether 9:9",Ether,9,9,"Secret combinations; war upon face of the land",desolation,other,soft,
gp-ether-9-31,"Ether 9:31",Ether,9,31,"Poisonous serpents; flocks fled toward land southward",desolation|narrow-neck,direction,hard,
gp-ether-9-32,"Ether 9:32",Ether,9,32,"Many perished by the way; some fled into land southward",narrow-neck,travel,hard,
gp-ether-10-19,"Ether 10:19",Ether,10,19,"Lib became king; poisonous serpents destroyed",desolation,other,soft,
gp-ether-10-21,"Ether 10:21",Ether,10,21,"Preserved land southward as wilderness for game",narrow-neck,boundary,hard,mc-map-01-narrow-neck
gp-ether-13-2,"Ether 13:2",Ether,13,2,"After waters receded this land became a choice land",landing,location,soft,
gp-ether-13-5,"Ether 13:5",Ether,13,5,"Jerusalem of old should be built up again (prophetic; not NW geo)",nephi,other,soft,
gp-ether-14-3,"Ether 14:3",Ether,14,3,"Shared army pursued Coriantumr; fled to wilderness of Akish",desolation|wilderness,travel,hard,
gp-ether-14-4,"Ether 14:4",Ether,14,4,"Battle in wilderness of Akish",wilderness,location,hard,
gp-ether-14-6,"Ether 14:6",Ether,14,6,"Shared took city of Moron capital",desolation,location,hard,
gp-ether-14-11,"Ether 14:11",Ether,14,11,"Coriantumr gave battle to Lib in borders of Moron",desolation,boundary,hard,
gp-ether-14-12,"Ether 14:12",Ether,14,12,"Lib fled to borders upon seashore",sea-east|desolation,coast,hard,
gp-ether-14-13,"Ether 14:13",Ether,14,13,"Coriantumr pursued; battle upon seashore",sea-east,coast,hard,
gp-ether-14-14,"Ether 14:14",Ether,14,14,"Lib fled to wilderness of Akish",wilderness,travel,hard,
gp-ether-14-15,"Ether 14:15",Ether,14,15,"Coriantumr pursued into wilderness of Akish",wilderness,travel,hard,
gp-ether-14-26,"Ether 14:26",Ether,14,26,"Pitched tents by seashore; Shiz pitched also",sea-east,coast,hard,
gp-ether-14-28,"Ether 14:28",Ether,14,28,"Armies marched forth to battle; Shiz vs Coriantumr",desolation,location,soft,
gp-ether-15-8,"Ether 15:8",Ether,15,8,"Fled to waters of Ripliancum; interpretation large or to exceed all",desolation|sea-east,hydrology,hard,
gp-ether-15-10,"Ether 15:10",Ether,15,10,"Pitched tents by hill Ramah",cumorah,location,hard,mc-map-22-cumorah-vigia
gp-ether-15-11b,"Ether 15:11",Ether,15,11,"Hill Ramah same as Cumorah where Mormon hid records",cumorah,location,hard,mc-map-22-cumorah-vigia
gp-ether-15-28,"Ether 15:28",Ether,15,28,"Shiz had fainted with loss of blood; Coriantumr leaned on sword",cumorah,location,soft,