verse_ref,claim_summary,confidence,source_note,status
Alma 22:27-34,Spine description of lands, seas, neck, Bountiful, Desolation,high,Internal relative reading,seed
Alma 2:15,Sidon battle near Zarahemla,high,Internal,seed
Alma 27:22,Jershon by sea,medium,Internal,seed
Alma 50:29-36,Morianton flight northward / narrow pass,high,Internal,seed
Alma 63:4-10,Hagoth ships northward,medium,Internal,seed
Hel 3:3-12,Northward migration; cement; timber,high,Internal,seed
Morm 6:1-15,Cumorah gathering,high,Internal,seed
Ether 15,Ramah region for Jaredite end,high,Internal,seed
1 Ne 18:23-25,Landing + seeds + ore,high,Small plates,seed
